{
    "name": "reviung34",
    "vendorId": "0x1925",
    "productId": "0x4E03",
    "lighting": "qmk_rgblight",
    "matrix": {"rows": 4, "cols": 9},
    "layouts": {
        "keymap": [
            [
              {
                "rx": 1,
                "y": 4.75,
                "x": 4.35
              },
              "3,3"
            ],
            [
              {
                "rx": 6.5,
                "ry": 0.965,
                "y": 3.785,
                "x": -0.15000000000000036
              },
              "3,4"
            ],
            [
              {
                "r": 7,
                "y": -1,
                "x": -1.7999999999999998
              },
              "3,2"
            ],
            [
              {
                "r": 10,
                "rx": 1,
                "ry": 0,
                "y": -0.09999999999999998,
                "x": 2
              },
              "0,2"
            ],
            [
              {
                "y": -0.65,
                "x": 1
              },
              "0,1",
              {
                "x": 1
              },
              "0,3"
            ],
            [
              {
                "y": -0.75
              },
              "0,0"
            ],
            [
              {
                "y": -0.9,
                "x": 4
              },
              "0,4"
            ],
            [
              {
                "y": -0.7000000000000001,
                "x": 2
              },
              "1,2"
            ],
            [
              {
                "y": -0.6499999999999999,
                "x": 1
              },
              "1,1",
              {
                "x": 1
              },
              "1,3"
            ],
            [
              {
                "y": -0.75
              },
              "1,0"
            ],
            [
              {
                "y": -0.8999999999999999,
                "x": 4
              },
              "1,4"
            ],
            [
              {
                "y": -0.7000000000000002,
                "x": 2
              },
              "2,2"
            ],
            [
              {
                "y": -0.6499999999999999,
                "x": 1
              },
              "2,1",
              {
                "x": 1
              },
              "2,3"
            ],
            [
              {
                "y": -0.75
              },
              "2,0"
            ],
            [
              {
                "y": -0.8999999999999999,
                "x": 4
              },
              "2,4"
            ],
            [
              {
                "r": -10,
                "rx": 7,
                "ry": 0.965,
                "y": -0.20000000000000018,
                "x": 1.75
              },
              "0,7"
            ],
            [
              {
                "y": -0.6499999999999999,
                "x": 0.75
              },
              "0,6",
              {
                "x": 1
              },
              "0,8"
            ],
            [
              {
                "y": -0.75,
                "x": 3.75
              },
              "3,5"
            ],
            [
              {
                "y": -0.8999999999999999,
                "x": -0.25
              },
              "0,5"
            ],
            [
              {
                "y": -0.7000000000000002,
                "x": 1.75
              },
              "1,7"
            ],
            [
              {
                "y": -0.6499999999999999,
                "x": 0.75
              },
              "1,6",
              {
                "x": 1
              },
              "1,8"
            ],
            [
              {
                "y": -0.75,
                "x": 3.75
              },
              "3,6"
            ],
            [
              {
                "y": -0.8999999999999999,
                "x": -0.25
              },
              "1,5"
            ],
            [
              {
                "y": -0.7000000000000002,
                "x": 1.75
              },
              "2,7"
            ],
            [
              {
                "y": -0.6499999999999999,
                "x": 0.75
              },
              "2,6",
              {
                "x": 1
              },
              "2,8"
            ],
            [
              {
                "y": -0.7500000000000004,
                "x": 3.75
              },
              "3,7"
            ],
            [
              {
                "y": -0.9000000000000004,
                "x": -0.25
              },
              "2,5"
            ],
            [
              {
                "r": -7,
                "rx": 6.5,
                "y": 3.785,
                "x": 0.5
              },
              "3,8"
            ]
          ]
    }
}